id,timestamp,sender,receiver,content,delivered
70,1763196908,user0,dest0,gather metrics msg,false
71,1763196908,user1,dest1,gather metrics msg,false
72,1763196908,user2,dest2,gather metrics msg,false
73,1763196908,user3,dest3,gather metrics msg,false
74,1763196908,user4,dest4,gather metrics msg,false
75,1763196908,user5,dest5,gather metrics msg,false
76,1763196908,user6,dest6,gather metrics msg,false
77,1763196908,user7,dest7,gather metrics msg,false
78,1763196908,user8,dest8,gather metrics msg,false
79,1763196908,user9,dest9,gather metrics msg,false
80,1763196908,user10,dest10,gather metrics msg,false
81,1763196908,user11,dest11,gather metrics msg,false
82,1763196908,user12,dest12,gather metrics msg,false
83,1763196908,user13,dest13,gather metrics msg,false
84,1763196908,user14,dest14,gather metrics msg,false
85,1763196908,user15,dest15,gather metrics msg,false
86,1763196908,user16,dest16,gather metrics msg,false
87,1763196908,user17,dest17,gather metrics msg,false
88,1763196908,user18,dest18,gather metrics msg,false
89,1763196908,user19,dest19,gather metrics msg,false
90,1763196908,user20,dest20,gather metrics msg,false
91,1763196908,user21,dest21,gather metrics msg,false
92,1763196908,user22,dest22,gather metrics msg,false
93,1763196908,user23,dest23,gather metrics msg,false
94,1763196908,user24,dest24,gather metrics msg,false
95,1763196908,user25,dest25,gather metrics msg,false
96,1763196908,user26,dest26,gather metrics msg,false
97,1763196908,user27,dest27,gather metrics msg,false
98,1763196908,user28,dest28,gather metrics msg,false
99,1763196908,user29,dest29,gather metrics msg,false
100,1763196908,user30,dest30,gather metrics msg,false
101,1763196908,user31,dest31,gather metrics msg,false
